1 filter(s) applied: Color is exactly Pink,
company_domain,company_id,product_id,product_title,min_current_price,max_current_price,avg_current_price,avg_full_price,avg_discount,sales_volume,sales_volume_upper_bound,sales_volume_lower_bound,sales_revenue,sales_revenue_upper_bound,sales_revenue_lower_bound,rate_sold,sell_through_rate,review_count,avg_rating,key_phrases,colors,matched_variant_count,total_variant_count,product_first_seen,product_url,image_url,
www.aloyoga.com,1004856,9092892000615,Accolade Crew Neck Pullover - Vintage Pink,138,138,138,138,0,11889,13884,9894,1640682,1915867.8,1365496.2,424.607143,0.519238,0,,,Pink,7,7,2026-02-28,https://www.aloyoga.com/products/u3031rg-accolade-crew-neck-pullover-vintage-pink-mens,https://particl-media.s3.amazonaws.com/shared/ai-generated-products/1004856/9092892000615_20260303.png,
www.aloyoga.com,1004856,9092866113895,Cropped Accolade Crewneck - Vintage Pink,128,128,128,128,0,5216,5873,4559,667648,751692.8,583603.2,186.285714,0.780254,0,,,Pink,5,5,2026-02-28,https://www.aloyoga.com/products/w3924rg-cropped-accolade-crewneck-vintage-pink,https://particl-media.s3.amazonaws.com/shared/ai-generated-products/1004856/9092866113895_20260228.png,
www.aloyoga.com,1004856,9092864278887,Accolade Sweatpant - Vintage Pink,138,138,138,138,0,3724,4336,3112,513912,598340.4,429483.6,133,0.350263,0,,,Pink,7,7,2026-02-28,https://www.aloyoga.com/products/u5013rg-accolade-sweatpant-vintage-pink,https://particl-media.s3.amazonaws.com/shared/ai-generated-products/1004856/9092864278887_20260302.png,
www.aloyoga.com,1004856,9092871553383,Double Or Nothing Tennis Skirt - Vintage Pink,88,88,88,88,0,5006,5779,4233,440528,508552,372504,178.785714,0.348316,0,,,Pink,5,5,2026-02-28,https://www.aloyoga.com/products/w6574r-double-or-nothing-tennis-skirt-vintage-pink,https://particl-media.s3.amazonaws.com/shared/ai-generated-products/1004856/9092871553383_20260303.png,
www.aloyoga.com,1004856,9092870635879,Accolade Short - Vintage Pink,78,78,78,78,0,5561,6171,4951,433758,481322.4,386193.6,198.607143,0.269703,0,,,Pink,5,5,2026-02-28,https://www.aloyoga.com/products/w6472rg-accolade-short-vintage-pink,https://particl-media.s3.amazonaws.com/shared/ai-generated-products/1004856/9092870635879_20260302.png,
www.aloyoga.com,1004856,9092820500839,Cropped Accolade Crewneck - Candy Heart Pink,128,128,128,128,0,2817,3265,2369,360576,417868.8,303283.2,100.607143,0.356537,0,,,Pink,5,5,2026-01-17,https://www.aloyoga.com/products/w3924rg-cropped-accolade-crewneck-candy-heart-pink,https://particl-media.s3.amazonaws.com/shared/ai-generated-products/1004856/9092820500839_20260227.png,
www.aloyoga.com,1004856,9092812603751,Alosoft Break Point Tennis Dress - Candy Heart Pink,138,138,138,138,0,2255,2630,1880,311190,362815.8,259564.2,80.535714,0.210748,0,,,Pink,5,5,2026-01-17,https://www.aloyoga.com/products/w8338r-break-point-tennis-dress-candy-heart-pink,https://particl-media.s3.amazonaws.com/shared/ai-generated-products/1004856/9092812603751_20260303.png,
www.aloyoga.com,1004856,9092867883367,Low Rise Megastar Cargo Pant - Vintage Pink,138,138,138,138,0,2083,2462,1704,287454,339631.8,235276.2,74.392857,0.354011,0,,,Pink,5,5,2026-03-08,https://www.aloyoga.com/products/w51433r-low-rise-megastar-cargo-pant-vintage-pink,,
www.aloyoga.com,1004856,9092819517799,Airbrush Corset Full Zip Jacket - Candy Heart Pink,138,138,138,138,0,2031,2238,1824,280278,308816.4,251739.6,72.535714,0.179719,0,,,Pink,5,5,2026-01-17,https://www.aloyoga.com/products/w4529r-airbrush-corset-full-zip-jacket-candy-heart-pink,https://particl-media.s3.amazonaws.com/shared/ai-generated-products/1004856/9092819517799_20260302.png,
www.aloyoga.com,1004856,9092867522919,Cropped Fan Favorite Full Zip Jacket - Vintage Pink,198,198,198,198,0,1411,1630,1192,279378,322641,236115,50.392857,0.305279,0,,,Pink,5,5,2026-02-28,https://www.aloyoga.com/products/w4778r-cropped-fan-favorite-full-zip-jacket-vintage-pink,https://particl-media.s3.amazonaws.com/shared/ai-generated-products/1004856/9092867522919_20260228.png,
www.aloyoga.com,1004856,9092866212199,Supernatural Sweater Cardigan - Candy Heart Pink,148,148,148,148,0,1884,2084,1684,278832,308328.4,249335.6,67.285714,0.167899,0,,,Pink,5,5,2026-01-31,https://www.aloyoga.com/products/w3934r-supernatural-sweater-cardigan-candy-heart-pink,https://particl-media.s3.amazonaws.com/shared/ai-generated-products/1004856/9092866212199_20260302.png,
www.aloyoga.com,1004856,9092812800359,Airbrush Heart Throb Bra - Candy Heart Pink/White,88,88,88,88,0,2839,3123,2555,249832,274815.2,224848.8,101.392857,0.302956,0,,,Pink,5,5,2026-01-29,https://www.aloyoga.com/products/w9680r-airbrush-heart-throb-bra-candy-heart-pink-white,https://particl-media.s3.amazonaws.com/shared/ai-generated-products/1004856/9092812800359_20260302.png,
www.aloyoga.com,1004856,9092872765799,Airbrush Real Bra Tank - Vintage Pink,78,78,78,78,0,3157,3492,2822,246246,272360.4,220131.6,112.75,0.306475,0,,,Pink,5,5,2026-02-28,https://www.aloyoga.com/products/w9587r-airbrush-real-bra-tank-vintage-pink,https://particl-media.s3.amazonaws.com/shared/ai-generated-products/1004856/9092872765799_20260303.png,
www.aloyoga.com,1004856,9092865884519,Sweet Escape Zip Up Hoodie - Vintage Pink,118,118,118,118,0,2064,2298,1830,243552,271093.2,216010.8,73.714286,0.244666,0,,,Pink,5,5,2026-02-28,https://www.aloyoga.com/products/w3859r-sweet-escape-zip-up-hoodie-vintage-pink,https://particl-media.s3.amazonaws.com/shared/ai-generated-products/1004856/9092865884519_20260303.png,
www.aloyoga.com,1004856,9092820697447,Cable Knit Cropped Winter Bliss Turtleneck Long Sleeve - Candy Heart Pink,148,148,148,148,0,1522,1675,1369,225256,247781.6,202730.4,54.357143,0.289684,0,,,Pink,5,5,2026-01-17,https://www.aloyoga.com/products/w3910r-cable-knit-cropped-winter-bliss-turtleneck-long-sleeve-candy-heart-pink,https://particl-media.s3.amazonaws.com/shared/ai-generated-products/1004856/9092820697447_20260228.png,
www.aloyoga.com,1004856,9092814274919,Airbrush High-Waist 7/8 Better Together Legging - Candy Heart Pink/White,134,134,134,134,0,1619,1844,1394,216946,247042.4,186849.6,57.821429,0.777991,0,,,Pink,3,5,2026-01-17,https://www.aloyoga.com/products/w54309r-airbrush-high-waist-7-8-better-together-legging-candy-heart-pink-white,https://particl-media.s3.amazonaws.com/shared/ai-generated-products/1004856/9092814274919_20260227.png,
www.aloyoga.com,1004856,9092869751143,7/8 High-Waist Airlift Legging - Vintage Pink,134,134,134,134,0,1596,1876,1316,213864,251370.6,176357.4,57,0.115879,0,,,Pink,5,5,2026-02-28,https://www.aloyoga.com/products/w5766r-7-8-high-waist-airlift-legging-vintage-pink,https://particl-media.s3.amazonaws.com/shared/ai-generated-products/1004856/9092869751143_20260228.png,
www.aloyoga.com,1004856,9092818829671,Alosoft Sincere Fitted Jacket - Candy Heart Pink,128,128,128,128,0,1664,1950,1378,212992,249497.6,176486.4,59.428571,0.238772,0,,,Pink,5,5,2026-01-26,https://www.aloyoga.com/products/w4736r-alosoft-sincere-fitted-jacket-candy-heart-pink,https://particl-media.s3.amazonaws.com/shared/ai-generated-products/1004856/9092818829671_20260302.png,
www.aloyoga.com,1004856,9092815651175,Airlift High-Waist 7/8 Rebel Legging - Candy Heart Pink,144,144,144,144,0,1473,1656,1290,212112,238348.8,185875.2,52.607143,0.212708,0,,,Pink,5,5,2026-01-17,https://www.aloyoga.com/products/w54178r-airlift-high-waist-7-8-rebel-legging-candy-heart-pink,https://particl-media.s3.amazonaws.com/shared/ai-generated-products/1004856/9092815651175_20260228.png,
www.aloyoga.com,1004856,9092859953511,Unisex Half-Crew Throwback Sock - White/Vintage Pink,34,34,34,34,0,5928,7101,4755,201552,241403.4,161700.6,211.714286,0.465964,0,,,Pink,2,3,2026-02-28,https://www.aloyoga.com/products/a0480u-unisex-half-crew-throwback-sock-white-vintage-pink,https://particl-media.s3.amazonaws.com/shared/ai-generated-products/1004856/9092859953511_20260302.png,
www.aloyoga.com,1004856,9092812210535,Match Point Short - Candy Heart Pink,78,78,78,78,0,2528,2781,2275,197184,216902.4,177465.6,90.285714,0.290475,0,,,Pink,5,5,2026-01-17,https://www.aloyoga.com/products/w6334r-match-point-short-candy-heart-pink,https://particl-media.s3.amazonaws.com/shared/ai-generated-products/1004856/9092812210535_20260227.png,
www.aloyoga.com,1004856,9092872667495,Airlift Intrigue Bra - Vintage Pink,78,78,78,78,0,2513,2915,2111,196014,227315.4,164712.6,89.75,0.221098,0,,,Pink,5,5,2026-02-28,https://www.aloyoga.com/products/w9557r-airlift-intrigue-bra-vintage-pink,https://particl-media.s3.amazonaws.com/shared/ai-generated-products/1004856/9092872667495_20260228.png,
www.aloyoga.com,1004856,9092812964199,7/8 High-Waist Airlift Legging - Candy Heart Pink,134,134,134,134,0,1448,1607,1289,194032,215271,172793,51.714286,0.215958,0,,,Pink,5,5,2026-01-17,https://www.aloyoga.com/products/w5766r-7-8-high-waist-airlift-legging-candy-heart-pink,https://particl-media.s3.amazonaws.com/shared/ai-generated-products/1004856/9092812964199_20260227.png,
www.aloyoga.com,1004856,9092872077671,Airbrush Splendor Dress - Candy Heart Pink,138,138,138,138,0,1293,1427,1159,178434,196857,160011,46.178571,0.488662,0,,,Pink,5,5,2026-01-31,https://www.aloyoga.com/products/w8346r-airbrush-splendor-dress-candy-heart-pink,https://particl-media.s3.amazonaws.com/shared/ai-generated-products/1004856/9092872077671_20260227.png,
www.aloyoga.com,1004856,9092870504807,Accolade Skirt - Candy Heart Pink,78,78,78,78,0,2270,2504,2036,177060,195265.2,158854.8,81.071429,0.327703,0,,,Pink,5,5,2026-01-31,https://www.aloyoga.com/products/w6461rg-accolade-skirt-candy-heart-pink,https://particl-media.s3.amazonaws.com/shared/ai-generated-products/1004856/9092870504807_20260227.png,
www.aloyoga.com,1004856,9092861329767,Off-Duty Cap - Vintage Pink,64,64,64,64,0,2728,3029,2427,174592,193824,155360,97.428571,0.507724,0,,,Pink,1,1,2026-02-28,https://www.aloyoga.com/products/a0648u-off-duty-cap-vintage-pink,https://particl-media.s3.amazonaws.com/shared/ai-generated-products/1004856/9092861329767_20260228.png,
www.aloyoga.com,1004856,9092864704871,Aspire Tank - Vintage Pink/White,68,68,68,68,0,2564,2920,2208,174352,198539.6,150164.4,91.571429,0.523372,0,,,Pink,2,5,2026-02-28,https://www.aloyoga.com/products/w2675rg-aspire-tank-vintage-pink-white,https://particl-media.s3.amazonaws.com/shared/ai-generated-products/1004856/9092864704871_20260303.png,
www.aloyoga.com,1004856,9092871979367,Airbrush Streamlined Dress - Candy Heart Pink/White,138,138,138,138,0,1263,1428,1098,174294,197050.2,151537.8,45.107143,0.340799,0,,,Pink,5,5,2026-02-12,https://www.aloyoga.com/products/w8278r-airbrush-streamlined-dress-candy-heart-pink-white,https://particl-media.s3.amazonaws.com/shared/ai-generated-products/1004856/9092871979367_20260228.png,
www.aloyoga.com,1004856,9092872307047,Airbrush Sparks Fly Corset Tennis Dress - Vintage Pink,148,148,148,148,0,1106,1232,980,163688,182336,145040,39.5,0.157752,0,,,Pink,5,5,2026-03-08,https://www.aloyoga.com/products/w8356r-airbrush-sparks-fly-corset-tennis-dress-vintage-pink,,
www.aloyoga.com,1004856,9092871913831,Airbrush Streamlined Dress - Vintage Pink/White,138,138,138,138,0,1164,1328,1000,160632,183222.6,138041.4,41.571429,0.241094,0,,,Pink,5,5,2026-02-28,https://www.aloyoga.com/products/w8278r-airbrush-streamlined-dress-vintage-pink-white,https://particl-media.s3.amazonaws.com/shared/ai-generated-products/1004856/9092871913831_20260303.png,
www.aloyoga.com,1004856,9092870078823,5" Airlift Energy Short - Vintage Pink,88,88,88,88,0,1816,2005,1627,159808,176369.6,143246.4,64.857143,0.212423,0,,,Pink,5,5,2026-02-28,https://www.aloyoga.com/products/w6295r-5-airlift-energy-short-vintage-pink,https://particl-media.s3.amazonaws.com/shared/ai-generated-products/1004856/9092870078823_20260302.png,
www.aloyoga.com,1004856,9092812144999,Seamless Ribbed Favorite Bra Tank - Candy Heart Pink,84,84,84,84,0,1849,2061,1637,155316,173115.6,137516.4,66.035714,0.227429,0,,,Pink,5,5,2026-01-17,https://www.aloyoga.com/products/w9730r-seamless-ribbed-favorite-bra-tank-candy-heart-pink,https://particl-media.s3.amazonaws.com/shared/ai-generated-products/1004856/9092812144999_20260228.png,
www.aloyoga.com,1004856,9092867424615,Alosoft Recharge Jacket - Vintage Pink,138,138,138,138,0,1079,1237,921,148902,170664.6,127139.4,38.535714,0.417085,0,,,Pink,5,5,2026-02-28,https://www.aloyoga.com/products/w4777r-alosoft-recharge-jacket-vintage-pink,https://particl-media.s3.amazonaws.com/shared/ai-generated-products/1004856/9092867424615_20260303.png,
www.aloyoga.com,1004856,9092810572135,Accolade Short - Candy Heart Pink,78,78,78,78,0,1895,2088,1702,147810,162793.8,132826.2,67.678571,0.291359,0,,,Pink,5,5,2026-01-17,https://www.aloyoga.com/products/w6472rg-accolade-short-candy-heart-pink,https://particl-media.s3.amazonaws.com/shared/ai-generated-products/1004856/9092810572135_20260227.png,
www.aloyoga.com,1004856,9092874633575,Airbrush Sparks Fly Corset Tank - Vintage Pink,88,88,88,88,0,1662,1898,1426,146256,166944.8,125567.2,59.357143,0.169109,0,,,Pink,5,5,2026-03-08,https://www.aloyoga.com/products/w9943r-airbrush-sparks-fly-corset-tank-vintage-pink,,
www.aloyoga.com,1004856,9092813848935,High-Waist Airlift Legging - Candy Heart Pink,134,134,134,134,0,1091,1213,969,146194,162542,129846,38.964286,0.226819,0,,,Pink,5,5,2026-01-17,https://www.aloyoga.com/products/w5561r-high-waist-airlift-legging-candy-heart-pink,https://particl-media.s3.amazonaws.com/shared/ai-generated-products/1004856/9092813848935_20260228.png,
www.aloyoga.com,1004856,9092817092967,High-Waist Airbrush Legging - Candy Heart Pink,118,118,118,118,0,1208,1363,1053,142544,160727.8,124360.2,43.142857,0.218445,0,,,Pink,5,5,2026-01-17,https://www.aloyoga.com/products/w5473r-high-waist-airbrush-legging-candy-heart-pink,https://particl-media.s3.amazonaws.com/shared/ai-generated-products/1004856/9092817092967_20260302.png,
www.aloyoga.com,1004856,9092813685095,7/8 High-Waist Airbrush Legging - Candy Heart Pink,118,118,118,118,0,1200,1361,1039,141600,160562.6,122637.4,42.857143,0.417682,0,,,Pink,5,5,2026-01-17,https://www.aloyoga.com/products/w5604r-7-8-high-waist-airbrush-legging-candy-heart-pink,https://particl-media.s3.amazonaws.com/shared/ai-generated-products/1004856/9092813685095_20260227.png,
www.aloyoga.com,1004856,9092815126887,Alosoft High-Waist Iconic 90's Capri - Candy Heart Pink,98,98,98,98,0,1444,1631,1257,141512,159779.2,123244.8,51.571429,0.262259,0,,,Pink,5,5,2026-01-17,https://www.aloyoga.com/products/w51024r-alosoft-high-waist-iconic-90s-capri-candy-heart-pink,https://particl-media.s3.amazonaws.com/shared/ai-generated-products/1004856/9092815126887_20260218.png,
www.aloyoga.com,1004856,9092812865895,5" Seamless Ribbed Favorite Short - Candy Heart Pink,78,78,78,78,0,1813,2003,1623,141414,156210.6,126617.4,64.75,0.246566,0,,,Pink,5,5,2026-01-17,https://www.aloyoga.com/products/w6290r-5-seamless-ribbed-favorite-short-candy-heart-pink,https://particl-media.s3.amazonaws.com/shared/ai-generated-products/1004856/9092812865895_20260227.png,
www.aloyoga.com,1004856,9092811686247,Cable Knit Winter Bliss Short - Candy Heart Pink,98,98,98,98,0,1326,1465,1187,129948,143521,116375,47.357143,0.267879,0,,,Pink,5,5,2026-01-17,https://www.aloyoga.com/products/w6460r-cable-knit-winter-bliss-short-candy-heart-pink,https://particl-media.s3.amazonaws.com/shared/ai-generated-products/1004856/9092811686247_20260226.png,
www.aloyoga.com,1004856,9092810867047,Alosoft Sincere Micro Short - Candy Heart Pink,64,64,64,64,0,1989,2239,1739,127296,143238.4,111353.6,71.035714,0.596044,0,,,Pink,5,5,2026-01-26,https://www.aloyoga.com/products/w6548r-alosoft-sincere-micro-short-candy-heart-pink,https://particl-media.s3.amazonaws.com/shared/ai-generated-products/1004856/9092810867047_20260227.png,
www.aloyoga.com,1004856,9092870209895,Match Point Short - Vintage Pink,78,78,78,78,0,1616,1931,1301,126048,150547.8,101548.2,57.714286,0.084665,0,,,Pink,5,5,2026-02-28,https://www.aloyoga.com/products/w6334r-match-point-short-vintage-pink,https://particl-media.s3.amazonaws.com/shared/ai-generated-products/1004856/9092870209895_20260302.png,
www.aloyoga.com,1004856,9092868669799,Airlift High-Waist 7/8 Fine Line Legging - Vintage Pink,138,138,138,138,0,895,992,798,123510,136771.8,110248.2,31.964286,0.129037,0,,,Pink,5,5,2026-03-05,https://www.aloyoga.com/products/w54312r-airlift-high-waist-7-8-fine-line-legging-vintage-pink,https://particl-media.s3.amazonaws.com/shared/ai-generated-products/1004856/9092868669799_20260307.png,
www.aloyoga.com,1004856,9092823122279,Alosoft Crop Finesse Short Sleeve - Candy Heart Pink,68,68,68,68,0,1777,1966,1588,120836,133654,108018,63.464286,0.130643,0,,,Pink,5,5,2026-01-17,https://www.aloyoga.com/products/w1406r-alosoft-crop-finesse-short-sleeve-candy-heart-pink,https://particl-media.s3.amazonaws.com/shared/ai-generated-products/1004856/9092823122279_20260227.png,
www.aloyoga.com,1004856,9092869685607,High-Waist Airlift Legging - Vintage Pink,134,134,134,134,0,893,1045,741,119662,139909.4,99414.6,31.892857,0.227806,0,,,Pink,5,5,2026-02-28,https://www.aloyoga.com/products/w5561r-high-waist-airlift-legging-vintage-pink,https://particl-media.s3.amazonaws.com/shared/ai-generated-products/1004856/9092869685607_20260228.png,
www.aloyoga.com,1004856,9092812505447,Airlift Intrigue Bra - Candy Heart Pink,78,78,78,78,0,1439,1583,1295,112242,123466.2,101017.8,51.392857,0.183219,0,,,Pink,5,5,2026-01-17,https://www.aloyoga.com/products/w9557r-airlift-intrigue-bra-candy-heart-pink,https://particl-media.s3.amazonaws.com/shared/ai-generated-products/1004856/9092812505447_20260227.png,
www.aloyoga.com,1004856,9092871422311,Low-Rise Fan Favorite Micro Skirt - Vintage Pink,98,98,98,98,0,1135,1337,933,111230,130937.8,91522.2,40.535714,0.255861,0,,,Pink,5,5,2026-02-28,https://www.aloyoga.com/products/w6568r-low-rise-fan-favorite-micro-skirt-vintage-pink,https://particl-media.s3.amazonaws.com/shared/ai-generated-products/1004856/9092871422311_20260303.png,
www.aloyoga.com,1004856,9092815487335,Mid-Rise Dreamlight Straight Pant - Candy Heart Pink,128,128,128,128,0,868,972,764,111104,124403.2,97804.8,31,0.372852,0,,,Pink,5,5,2026-01-17,https://www.aloyoga.com/products/w54302r-mid-rise-dreamlight-straight-pant-candy-heart-pink,https://particl-media.s3.amazonaws.com/shared/ai-generated-products/1004856/9092815487335_20260228.png,
www.aloyoga.com,1004856,9092915134823,Fresh Mini Scrunchie (3-Pack) - Burgundy/Pink Wild Rose/Ivory,34,34,34,34,0,3183,3502,2864,108222,119044.2,97399.8,353.666667,,0,,,Pink,1,1,2026-04-11,https://www.aloyoga.com/products/a0290u-fresh-mini-scrunchie-3-pack-burgundy-pink-wild-rose-ivory-loyalty,https://particl-media.s3.amazonaws.com/shared/ai-generated-products/1004856/9092915134823_20260411.png,
