1 filter(s) applied: Color is exactly White,
company_domain,company_id,product_id,product_title,min_current_price,max_current_price,avg_current_price,avg_full_price,avg_discount,sales_volume,sales_volume_upper_bound,sales_volume_lower_bound,sales_revenue,sales_revenue_upper_bound,sales_revenue_lower_bound,rate_sold,sell_through_rate,review_count,avg_rating,key_phrases,colors,matched_variant_count,total_variant_count,product_first_seen,product_url,image_url,
www.aloyoga.com,1004856,7404211077300,Airbrush Heart Throb Bra - Black/White,88,88,88,88,0,29710,34089,25331,2614480,2999832,2229128,1061.071429,0.092383,0,,Soft and supportive | Perfect fit | Flattering design | Comfortable and versatile | Great hold and appearance,White,5,5,2023-09-16,https://www.aloyoga.com/products/w9680r-airbrush-heart-throb-bra-black-white,https://particl-media.s3.amazonaws.com/shared/ai-generated-products/1004856/7404211077300_20260115.png,
www.aloyoga.com,1004856,7900118646964,ALO Runner - White/White,195,195,195,195,0,8213,9475,6951,1601535,1847508,1355562,293.321429,0.075989,0,,,White,27,27,2024-12-14,https://www.aloyoga.com/products/a0590u-alo-runner-white-white,https://particl-media.s3.amazonaws.com/shared/ai-generated-products/1004856/7900118646964_20260115.png,
www.aloyoga.com,1004856,9092814242151,Airbrush High-Waist 7/8 Heart Throb Legging - Black/White,134,134,134,134,0,7744,8873,6615,1037696,1188888.2,886503.8,276.571429,0.089465,0,,,White,5,5,2025-10-31,https://www.aloyoga.com/products/w54341r-airbrush-high-waist-7-8-heart-throb-legging-black-white,https://particl-media.s3.amazonaws.com/shared/ai-generated-products/1004856/9092814242151_20260302.png,
www.aloyoga.com,1004856,7256611324084,Unisex Half-Crew Throwback Sock - White/Black,34,34,34,34,0,29962,34162,25762,1018708,1161487.6,875928.4,1070.071429,0.043433,0,,Great quality | Super comfortable | Cute design | Amazing product | Ripped after wash,White,3,3,2022-12-10,https://www.aloyoga.com/products/a0480u-unisex-half-crew-throwback-sock-white-black,https://particl-media.s3.amazonaws.com/shared/ai-generated-products/1004856/7256611324084_20260227.png,
www.aloyoga.com,1004856,7850762043572,Alosoft Heart Throb Bra - Athletic Heather Grey/White,88,88,88,88,0,8448,9456,7440,743424,832075.2,654772.8,301.714286,0.032968,0,,,White,4,5,2024-12-08,https://www.aloyoga.com/products/w9811r-alosoft-heart-throb-bra-athletic-heather-grey-white,https://particl-media.s3.amazonaws.com/shared/ai-generated-products/1004856/7850762043572_20260227.png,
www.aloyoga.com,1004856,6565729173684,Match Point Tennis Skirt - White,78,78,78,78,0,9466,10865,8067,738348,847446.6,629249.4,338.071429,0.057384,0,,Super comfortable | Flattering | Lightweight | Beautiful | Perfect fit,White,5,5,2021-04-13,https://www.aloyoga.com/products/w6240r-match-point-tennis-skirt-white,https://particl-media.s3.amazonaws.com/shared/ai-generated-products/1004856/6565729173684_20260227.png,
www.aloyoga.com,1004856,7900132180148,Sweet Escape Zip Up Hoodie - Ivory,118,118,118,118,0,4964,5735,4193,585752,676635.6,494868.4,177.285714,0.099451,0,,,White,5,5,2024-12-14,https://www.aloyoga.com/products/w3859r-sweet-escape-zip-up-hoodie-ivory,https://particl-media.s3.amazonaws.com/shared/ai-generated-products/1004856/7900132180148_20260218.png,
www.aloyoga.com,1004856,9092873060711,Alosoft Heart Throb Bra - Oatmeal Heather/White,88,88,88,88,0,6497,7450,5544,571736,655529.6,487942.4,232.035714,0.224058,0,,,White,5,5,2026-03-14,https://www.aloyoga.com/products/w9811r-alosoft-heart-throb-bra-oatmeal-heather-white,https://particl-media.s3.amazonaws.com/shared/ai-generated-products/1004856/9092873060711_20260314.png,
www.aloyoga.com,1004856,4546373255286,Aspire Tank - White/Black,68,68,68,68,0,8296,10072,6520,564128,684841.6,443414.4,296.285714,0.049957,0,,Flattering summer top | Versatile and cute crop | Casual suit for everything | New favorite shirt | Slimming and stylish top,White,3,5,2021-03-14,https://www.aloyoga.com/products/w2675rg-aspire-tank-white-black,https://particl-media.s3.amazonaws.com/shared/ai-generated-products/1004856/4546373255286_20260228.png,
www.aloyoga.com,1004856,7418754433204,ALO Recovery Mode Sneaker - Natural White/Gum,195,195,195,195,0,2802,3171,2433,546390,618286.5,474493.5,100.071429,0.037565,0,,Stylish comfort | Highly recommended | Poor delivery experience | Versatile and trendy | Excellent support,White,26,26,2023-11-21,https://www.aloyoga.com/products/a0685u-alo-x-01-classic-natural-white-gum,https://particl-media.s3.amazonaws.com/shared/ai-generated-products/1004856/7418754433204_20260228.png,
www.aloyoga.com,1004856,7902721474740,ALO Recovery Mode Sneaker - Natural White,195,195,195,195,0,2693,3270,2116,525135,637494,412776,96.178571,0.039021,0,,,White,26,26,2025-07-10,https://www.aloyoga.com/products/a0685u-alo-recovery-mode-natural-white,https://particl-media.s3.amazonaws.com/shared/ai-generated-products/1004856/7902721474740_20260228.png,
www.aloyoga.com,1004856,7325031497908,Accolade Hoodie - Ivory,148,148,148,148,0,3546,4159,2933,524808,615472.8,434143.2,126.642857,0.091557,0,,Perfect fit | High quality | Comfortable and soft | Casual style | Durable construction,White,7,7,2023-08-09,https://www.aloyoga.com/products/u3032rg-accolade-hoodie-ivory,https://particl-media.s3.amazonaws.com/shared/ai-generated-products/1004856/7325031497908_20260228.png,
www.aloyoga.com,1004856,7853024575668,Sherpa Recovery Slipper - Ivory,175,175,175,175,0,2868,3337,2399,501900,583887.5,419912.5,102.428571,0.392715,0,,Cozy Comfort | Stylish Design | Size Issues | Warm Recovery | Durable Slippers,White,12,12,2024-11-06,https://www.aloyoga.com/products/a0826u-sherpa-recovery-slipper-ivory,https://particl-media.s3.amazonaws.com/shared/ai-generated-products/1004856/7853024575668_20260228.png,
www.aloyoga.com,1004856,7256660213940,Splendor Bra - White/Black,68,68,68,68,0,7354,8503,6205,500072,578149.6,421994.4,262.642857,0.08203,0,,Comfortable | Flattering | Stylish | Soft | Supportive,White,5,5,2022-11-23,https://www.aloyoga.com/products/w9351rg-splendor-bra-white-black,,
www.aloyoga.com,1004856,9092741071207,Ribbed Prosper Tank - White,78,78,78,78,0,6375,7296,5454,497250,569017.8,425482.2,227.678571,0.117048,0,,,White,5,5,2025-05-21,https://www.aloyoga.com/products/w2799r-ribbed-prosper-tank-white,https://particl-media.s3.amazonaws.com/shared/ai-generated-products/1004856/9092741071207_20260227.png,
www.aloyoga.com,1004856,7325031170228,Accolade Crew Neck Pullover - White,138,138,138,138,0,3576,4241,2911,493488,585147.6,401828.4,127.714286,0.128255,0,,Vibrant color | Soft and comfy | Sheds excessively | Perfect fit | Quality issue,White,7,7,2023-02-21,https://www.aloyoga.com/products/u3031rg-accolade-crew-neck-pullover-white,https://particl-media.s3.amazonaws.com/shared/ai-generated-products/1004856/7325031170228_20260227.png,
www.aloyoga.com,1004856,7418754662580,ALO Recovery Mode Sneaker - Gravel/White,195,195,195,195,0,2437,2840,2034,475215,553644,396786,87.035714,0.048555,0,,Small sizing | Comfortable and stylish | Poor fit | Highly recommended | Great support,White,26,26,2023-12-06,https://www.aloyoga.com/products/a0685u-alo-x-01-classic-gravel-white,https://particl-media.s3.amazonaws.com/shared/ai-generated-products/1004856/7418754662580_20260228.png,
www.aloyoga.com,1004856,7418759643316,Double Take Short Sleeve - Bone,88,88,88,88,0,5385,5952,4818,473880,523723.2,424036.8,192.321429,0.091493,0,,Soft and comfortable | Great fit and quality | Disappointing discoloration | Versatile for gym and casual wear | Highly recommended,White,5,5,2023-11-15,https://www.aloyoga.com/products/m1224r-double-take-short-sleeve-bone,https://particl-media.s3.amazonaws.com/shared/ai-generated-products/1004856/7418759643316_20260302.png,
www.aloyoga.com,1004856,9092774199655,Cropped Accolade Crewneck - Ivory,128,128,128,128,0,3649,4513,2785,467072,577561.6,356582.4,130.321429,0.379156,0,,,White,5,5,2025-08-31,https://www.aloyoga.com/products/w3924rg-cropped-accolade-crewneck-ivory,https://particl-media.s3.amazonaws.com/shared/ai-generated-products/1004856/9092774199655_20260227.png,
www.aloyoga.com,1004856,6998303539380,Unisex Throwback Sock - White/Black,34,34,34,34,0,13344,17217,9471,453696,585357.6,322034.4,476.571429,0.050104,0,,High-quality | Cozy comfort | Disappointing design | Perfect fit | Versatile styling,White,3,3,2022-02-18,https://www.aloyoga.com/products/a0357u-unisex-throwback-sock-white-black,,
www.aloyoga.com,1004856,6695201505460,Accolade Sweatpant - White,138,138,138,138,0,3194,4016,2372,440772,554152.8,327391.2,114.071429,0.160277,0,,comfortable sweatpants | perfect fit | amazingly comfy | slightly too long | baggy and stylish,White,7,7,2021-07-08,https://www.aloyoga.com/products/w5942rg-accolade-sweatpant-white,https://particl-media.s3.amazonaws.com/shared/ai-generated-products/1004856/6695201505460_20260228.png,
www.aloyoga.com,1004856,7853024542900,Recovery Slipper - Saddle/Ivory,175,175,175,175,0,2476,2983,1969,433300,522025,344575,88.428571,0.153493,0,,Comfortable fit | Good arch support | Overpriced | Warm and snug | Flexible material,White,11,12,2024-11-06,https://www.aloyoga.com/products/a0827u-recovery-slipper-saddle-ivory,https://particl-media.s3.amazonaws.com/shared/ai-generated-products/1004856/7853024542900_20260227.png,
www.aloyoga.com,1004856,9092869521767,7/8 High-Waist Alosoft Heart Throb Legging - Oatmeal Heather/White,134,134,134,134,0,3200,3542,2858,428800,474534.2,383065.8,114.285714,0.142736,0,,,White,5,5,2026-03-14,https://www.aloyoga.com/products/w54342r-7-8-high-waist-alosoft-heart-throb-legging-oatmeal-heather-white,https://particl-media.s3.amazonaws.com/shared/ai-generated-products/1004856/9092869521767_20260314.png,
www.aloyoga.com,1004856,7418758660276,Conquer Reform Crewneck Short Sleeve - Bone,78,78,78,78,0,5399,6295,4503,421122,490994.4,351249.6,192.821429,0.064561,0,,Soft touch fabric | Comfortable and versatile | Great quality | Enhances muscles | Tailored fit with functionality,White,5,5,2023-11-15,https://www.aloyoga.com/products/m1205r-conquer-reform-crewneck-short-sleeve-bone,https://particl-media.s3.amazonaws.com/shared/ai-generated-products/1004856/7418758660276_20260116.png,
www.aloyoga.com,1004856,7902731796660,Cropped Mountain Peak Full-Zip Hoodie - Ivory,188,188,188,188,0,2120,2485,1755,398560,467180,329940,75.714286,0.508637,0,,,White,5,5,2025-02-09,https://www.aloyoga.com/products/w4702r-cropped-mountain-peak-full-zip-hoodie-ivory,https://particl-media.s3.amazonaws.com/shared/ai-generated-products/1004856/7902731796660_20260303.png,
www.aloyoga.com,1004856,7325033758900,Alosoft 1/2 Zip Rapid Pullover - White,108,108,108,108,0,3594,4292,2896,388152,463449.6,312854.4,128.357143,0.048547,0,,Soft fabric | Perfect fit | Stylish and flattering | Thick fabric | Effortless comfort,White,5,5,2023-01-25,https://www.aloyoga.com/products/w3694r-alosoft-1-2-zip-rapid-pullover-white,https://particl-media.s3.amazonaws.com/shared/ai-generated-products/1004856/7325033758900_20260226.png,
www.aloyoga.com,1004856,7486532845748,Unisex Half-Crew Throwback Sock - White/Titanium,34,34,34,34,0,11374,13850,8898,386716,470879.6,302552.4,406.214286,0.04367,0,,Quality Socks | Comfortable Fit | Soft Material | Cute Design | Durable Cushioning,White,3,3,2024-04-13,https://www.aloyoga.com/products/a0480u-unisex-half-crew-throwback-sock-white-titanium,,
www.aloyoga.com,1004856,7418759479476,Double Take Hoodie - Bone,128,128,128,128,0,2918,3444,2392,373504,440729.6,306278.4,104.214286,0.160224,0,,Soft and comfortable | Quality construction | Generous sizing | Beautiful color | Super cozy,White,5,5,2023-11-15,https://www.aloyoga.com/products/m3245r-double-take-hoodie-bone,https://particl-media.s3.amazonaws.com/shared/ai-generated-products/1004856/7418759479476_20260227.png,
www.aloyoga.com,1004856,9092867981671,Alosoft High-Waist Heart Throb Legging - Oatmeal Heather/White,134,134,134,134,0,2745,3111,2379,367830,416833.8,318826.2,98.035714,0.286864,0,,,White,5,5,2026-03-14,https://www.aloyoga.com/products/w54172r-alosoft-high-waist-heart-throb-legging-oatmeal-heather-white,https://particl-media.s3.amazonaws.com/shared/ai-generated-products/1004856/9092867981671_20260314.png,
www.aloyoga.com,1004856,9092868079975,Airlift High-Waist Alignment Legging - Vintage Pink/White,144,144,144,144,0,2539,2844,2234,365616,409521.6,321710.4,90.678571,0.238135,0,,,White,3,5,2026-02-28,https://www.aloyoga.com/products/w54180r-airlift-high-waist-alignment-legging-vintage-pink-white,https://particl-media.s3.amazonaws.com/shared/ai-generated-products/1004856/9092868079975_20260303.png,
www.aloyoga.com,1004856,9092738974055,7" Double Take Short - Bone,88,88,88,88,0,4112,4687,3537,361856,412429.6,311282.4,146.857143,0.162177,0,,,White,5,5,2025-05-15,https://www.aloyoga.com/products/m6143r-7-double-take-short-bone,https://particl-media.s3.amazonaws.com/shared/ai-generated-products/1004856/9092738974055_20260227.png,
www.aloyoga.com,1004856,7418756399284,ALO Recovery Mode Sneaker - Black/White,195,195,195,195,0,1830,2172,1488,356850,423462,290238,65.357143,0.083337,0,,Comfortable | High shipping cost | Best sneakers | Love it | Great support,White,20,26,2023-10-12,https://www.aloyoga.com/products/a0685u-alo-x-01-classic-black-white,https://particl-media.s3.amazonaws.com/shared/ai-generated-products/1004856/7418756399284_20260227.png,
www.aloyoga.com,1004856,9092817027431,Airbrush High-Waist 7/8 Heart Throb Legging - Candy Heart Pink/White,134,134,134,134,0,2486,2742,2230,333124,367361,298887,88.785714,0.211448,0,,,White,5,5,2026-01-29,https://www.aloyoga.com/products/w54341r-airbrush-high-waist-7-8-heart-throb-legging-candy-heart-pink-white,https://particl-media.s3.amazonaws.com/shared/ai-generated-products/1004856/9092817027431_20260228.png,
www.aloyoga.com,1004856,7850780623028,Ribbed En Pointe Tank - Ivory,78,78,78,78,0,4269,4872,3666,332982,379992.6,285971.4,152.464286,0.082399,0,,Perfect fit | Comfortable tank | Flattering style | Built-in support | Versatile wear,White,5,5,2024-11-01,https://www.aloyoga.com/products/w9777r-ribbed-en-pointe-tank-ivory,https://particl-media.s3.amazonaws.com/shared/ai-generated-products/1004856/7850780623028_20260228.png,
www.aloyoga.com,1004856,6565726388404,Wild Thing Bra - Ivory,78,78,78,78,0,4194,4797,3591,327132,374119.2,280144.8,149.785714,0.061521,0,,Cute and pricey | Comfortable and flattering | Poor customer service | Flattering and comfortable fit | Love it and great comfort,White,6,6,2021-04-06,https://www.aloyoga.com/products/w9327r-wild-thing-bra-ivory,https://particl-media.s3.amazonaws.com/shared/ai-generated-products/1004856/6565726388404_20260228.png,
www.aloyoga.com,1004856,7902732583092,Serenity Wide Leg Sweatpant - Ivory,128,128,128,128,0,2494,3253,1735,319232,416307.2,222156.8,89.071429,0.11941,0,,,White,5,5,2025-01-26,https://www.aloyoga.com/products/w54162r-serenity-wide-leg-sweatpant-ivory,https://particl-media.s3.amazonaws.com/shared/ai-generated-products/1004856/7902732583092_20260228.png,
www.aloyoga.com,1004856,7404214452404,Seamless Ribbed Favorite Bra Tank - White,84,84,84,84,0,3772,4327,3217,316848,363426,270270,134.714286,0.053967,0,,Comfortable fabric | Stylish design | Adjustable straps | Supportive padding | Quality material,White,5,5,2024-02-28,https://www.aloyoga.com/products/w9730r-seamless-ribbed-favorite-bra-tank-white,https://particl-media.s3.amazonaws.com/shared/ai-generated-products/1004856/7404214452404_20260227.png,
www.aloyoga.com,1004856,7900122546356,Conquer Reform Crewneck Short Sleeve - White,78,78,78,78,0,4047,4687,3407,315666,365578.2,265753.8,144.535714,0.077787,0,,,White,5,5,2024-12-14,https://www.aloyoga.com/products/m1205r-conquer-reform-crewneck-short-sleeve-white,https://particl-media.s3.amazonaws.com/shared/ai-generated-products/1004856/7900122546356_20260226.png,
www.aloyoga.com,1004856,7325032153268,Accolade Sweatpant - Ivory,138,138,138,138,0,2216,2623,1809,305808,361863.6,249752.4,79.142857,0.080243,0,,Perfect | Expensive | Comfy and versatile | Love the fit | Super comfy,White,7,7,2023-03-21,https://www.aloyoga.com/products/u5013rg-accolade-sweatpant-ivory,https://particl-media.s3.amazonaws.com/shared/ai-generated-products/1004856/7325032153268_20260228.png,
www.aloyoga.com,1004856,7900128936116,Muse Hoodie - Ivory,118,118,118,118,0,2496,3013,1979,294528,355486.8,233569.2,89.142857,0.053726,0,,,White,5,5,2024-12-14,https://www.aloyoga.com/products/w3438r-muse-hoodie-ivory,https://particl-media.s3.amazonaws.com/shared/ai-generated-products/1004856/7900128936116_20260228.png,
www.aloyoga.com,1004856,9092874469735,ALO Softsculpt No Nonsense Bra Tank - White,88,88,88,88,0,3341,3751,2931,294008,330008.8,258007.2,145.26087,,0,,,White,5,5,2026-03-28,https://www.aloyoga.com/products/w9940r-alo-softsculpt-no-nonsense-bra-tank-white,https://particl-media.s3.amazonaws.com/shared/ai-generated-products/1004856/9092874469735_20260328.png,
www.aloyoga.com,1004856,9092816077159,7/8 High-Waist Alosoft Heart Throb Legging - Athletic Heather Grey/White,134,134,134,134,0,2156,2497,1815,288904,334517.6,243290.4,77,0.039152,0,,,White,5,5,2025-10-31,https://www.aloyoga.com/products/w54342r-7-8-high-waist-alosoft-heart-throb-legging-athletic-heather-grey-white,https://particl-media.s3.amazonaws.com/shared/ai-generated-products/1004856/9092816077159_20260228.png,
www.aloyoga.com,1004856,7486523670708,Conquer Reform Long Sleeve With Hood - Bone,108,108,108,108,0,2566,3082,2050,277128,332769.6,221486.4,91.642857,0.324154,0,,Comfy fit | High quality | Stylish design | Great fabric | Positive reviews,White,5,5,2024-03-12,https://www.aloyoga.com/products/m3199r-conquer-reform-long-sleeve-with-hood-bone,https://particl-media.s3.amazonaws.com/shared/ai-generated-products/1004856/7486523670708_20260227.png,
www.aloyoga.com,1004856,7418759741620,Double Take Short Sleeve - White,88,88,88,88,0,3045,3515,2575,267960,309249.6,226670.4,108.75,0.181563,0,,Soft luxury | Perfect fit | Garbage quality | Stylish loungewear | Mixed reactions,White,5,5,2024-03-12,https://www.aloyoga.com/products/m1224r-double-take-short-sleeve-white,https://particl-media.s3.amazonaws.com/shared/ai-generated-products/1004856/7418759741620_20260303.png,
www.aloyoga.com,1004856,7486521540788,Airlift Solar Visor - White,78,78,78,78,0,3433,4373,2493,267774,341047.2,194500.8,122.607143,0.039288,0,,Comfortable and flirty | Poor customer service | Beautiful and stylish | Great sun protection | Delivery issues,White,1,1,2024-02-09,https://www.aloyoga.com/products/a0684u-airlift-solar-visor-white,https://particl-media.s3.amazonaws.com/shared/ai-generated-products/1004856/7486521540788_20260228.png,
www.aloyoga.com,1004856,6934793617588,Off-Duty Cap - Bright White/White,64,64,64,64,0,4167,4952,3382,266688,316908.8,216467.2,148.821429,0.044131,0,,Beautiful colors | Lightweight but small | Comfortable fit | Poor quality | Disappointing size,White,1,1,2021-11-24,https://www.aloyoga.com/products/w7112r-off-duty-cap-bright-white-white,https://particl-media.s3.amazonaws.com/shared/ai-generated-products/1004856/6934793617588_20260228.png,
www.aloyoga.com,1004856,7850755850420,Airbrush Corset Full Zip Jacket - White,138,138,138,138,0,1926,2240,1612,265788,309051,222525,68.785714,0.048231,0,,,White,5,5,2025-01-12,https://www.aloyoga.com/products/w4529r-airbrush-corset-full-zip-jacket-white,https://particl-media.s3.amazonaws.com/shared/ai-generated-products/1004856/7850755850420_20260302.png,
www.aloyoga.com,1004856,7418756432052,Airbrush Corset Full Zip Jacket - Ivory,138,138,138,138,0,1914,2231,1597,264132,307850.4,220413.6,68.357143,0.110751,0,,Flattering fit | Tight on me | Not for petite | Comically long sleeves | Chic and functional,White,5,5,2023-11-02,https://www.aloyoga.com/products/w4529r-airbrush-winter-warm-corset-full-zip-jacket-ivory,https://particl-media.s3.amazonaws.com/shared/ai-generated-products/1004856/7418756432052_20260124.png,
www.aloyoga.com,1004856,7489483636916,Make Waves Hoodie - Ivory/Bone/Gravel,158,158,158,158,0,1634,1943,1325,258172,306930.8,209413.2,58.357143,0.037349,0,,Oversized Fit | Excellent Quality | Soft and Cozy | Unique Pattern | Cute Design,White,7,7,2024-02-27,https://www.aloyoga.com/products/u3039r-accolade-wave-hoodie-gravel-bone-ivory,https://particl-media.s3.amazonaws.com/shared/ai-generated-products/1004856/7489483636916_20260228.png,
www.aloyoga.com,1004856,9092736778599,Performance Off-Duty Cap - White/White,68,68,68,68,0,3794,4370,3218,257992,297153.2,218830.8,135.5,0.041342,0,,,White,1,1,2025-06-04,https://www.aloyoga.com/products/a0543u-performance-off-duty-cap-white-white,https://particl-media.s3.amazonaws.com/shared/ai-generated-products/1004856/9092736778599_20251104.png,
