1 filter(s) applied: Color is exactly Yellow,
company_domain,company_id,product_id,product_title,min_current_price,max_current_price,avg_current_price,avg_full_price,avg_discount,sales_volume,sales_volume_upper_bound,sales_volume_lower_bound,sales_revenue,sales_revenue_upper_bound,sales_revenue_lower_bound,rate_sold,sell_through_rate,review_count,avg_rating,key_phrases,colors,matched_variant_count,total_variant_count,product_first_seen,product_url,image_url,
www.aloyoga.com,1004856,9092865720679,Cropped 1/4 Zip Alumni Pullover - Sunshine,128,128,128,128,0,3900,4455,3345,499200,570150.4,428249.6,169.565217,,0,,,Yellow,5,5,2026-03-28,https://www.aloyoga.com/products/w3660r-cropped-1-4-zip-alumni-pullover-sunshine,https://particl-media.s3.amazonaws.com/shared/ai-generated-products/1004856/9092865720679_20260328.png,
www.aloyoga.com,1004856,9092870701415,Accolade Short - Sunshine,78,78,78,78,0,5592,6470,4714,436176,504589.8,367762.2,243.130435,,0,,,Yellow,5,5,2026-03-28,https://www.aloyoga.com/products/w6472rg-accolade-short-sunshine,https://particl-media.s3.amazonaws.com/shared/ai-generated-products/1004856/9092870701415_20260328.png,
www.aloyoga.com,1004856,9092871029095,Breezy Short - Sunshine,78,78,78,78,0,3810,4392,3228,297180,342576,251784,165.652174,,0,,,Yellow,5,5,2026-03-28,https://www.aloyoga.com/products/w6543r-breezy-short-sunshine,https://particl-media.s3.amazonaws.com/shared/ai-generated-products/1004856/9092871029095_20260328.png,
www.aloyoga.com,1004856,9092872143207,Airbrush Splendor Dress - Sunshine,138,138,138,138,0,2109,2411,1807,291042,332621.4,249462.6,91.695652,,0,,,Yellow,5,5,2026-03-28,https://www.aloyoga.com/products/w8346r-airbrush-splendor-dress-sunshine,https://particl-media.s3.amazonaws.com/shared/ai-generated-products/1004856/9092872143207_20260328.png,
www.aloyoga.com,1004856,9092874502503,ALO Softsculpt No Nonsense Bra Tank - Sunshine,88,88,88,88,0,3022,3505,2539,265936,308422.4,223449.6,131.391304,,0,,,Yellow,5,5,2026-03-28,https://www.aloyoga.com/products/w9940r-alo-softsculpt-no-nonsense-bra-tank-sunshine,https://particl-media.s3.amazonaws.com/shared/ai-generated-products/1004856/9092874502503_20260328.png,
www.aloyoga.com,1004856,9092866802023,Cropped Breezy Full-Zip Cover Up - Sunshine,128,128,128,128,0,1751,2014,1488,224128,257792,190464,76.130435,,0,,,Yellow,5,5,2026-03-28,https://www.aloyoga.com/products/w4721r-cropped-breezy-full-zip-cover-up-sunshine,https://particl-media.s3.amazonaws.com/shared/ai-generated-products/1004856/9092866802023_20260328.png,
www.aloyoga.com,1004856,9092864377191,Alosoft Crop Finesse Short Sleeve - Sunshine,68,68,68,68,0,3139,3582,2696,213452,243569.2,183334.8,136.478261,,0,,,Yellow,5,5,2026-03-28,https://www.aloyoga.com/products/w1406r-alosoft-crop-finesse-short-sleeve-sunshine,https://particl-media.s3.amazonaws.com/shared/ai-generated-products/1004856/9092864377191_20260328.png,
www.aloyoga.com,1004856,9092869947751,Alumni Short - Sunshine,78,78,78,78,0,2666,3028,2304,207948,236184,179712,115.913043,,0,,,Yellow,5,5,2026-03-28,https://www.aloyoga.com/products/w6273r-alumni-short-sunshine,https://particl-media.s3.amazonaws.com/shared/ai-generated-products/1004856/9092869947751_20260328.png,
www.aloyoga.com,1004856,9092820468071,Cropped Accolade Crewneck - Candlelight Yellow,128,128,128,128,0,1584,1752,1416,202752,224256,181248,56.571429,0.239528,0,,,Yellow,5,5,2026-01-01,https://www.aloyoga.com/products/w3924rg-cropped-accolade-crewneck-candlelight-yellow,https://particl-media.s3.amazonaws.com/shared/ai-generated-products/1004856/9092820468071_20260228.png,
www.aloyoga.com,1004856,9092829315431,ALO Sunset Sneaker - Candlelight Yellow,225,225,225,225,0,738,901,575,166050,202635,129465,26.357143,0.346805,0,,,Yellow,12,12,2026-01-01,https://www.aloyoga.com/products/a0891u-alo-sunset-sneaker-candlelight-yellow,https://particl-media.s3.amazonaws.com/shared/ai-generated-products/1004856/9092829315431_20260302.png,
www.aloyoga.com,1004856,9092872405351,Slice Tennis Dress - Sunshine,138,138,138,138,0,1194,1362,1026,164772,187873.2,141670.8,66.333333,,0,,,Yellow,5,5,2026-04-02,https://www.aloyoga.com/products/w8365r-slice-tennis-dress-sunshine,https://particl-media.s3.amazonaws.com/shared/ai-generated-products/1004856/9092872405351_20260404.png,
www.aloyoga.com,1004856,9092871618919,Victory Running Short - Sunshine,78,78,78,78,0,2085,2385,1785,162630,185959.8,139300.2,90.652174,,0,,,Yellow,5,5,2026-03-28,https://www.aloyoga.com/products/w6578r-victory-running-short-sunshine,https://particl-media.s3.amazonaws.com/shared/ai-generated-products/1004856/9092871618919_20260328.png,
www.aloyoga.com,1004856,9092872798567,Airbrush Real Bra Tank - Sunshine,78,78,78,78,0,2069,2346,1792,161382,182949,139815,89.956522,,0,,,Yellow,5,5,2026-03-28,https://www.aloyoga.com/products/w9587r-airbrush-real-bra-tank-sunshine,https://particl-media.s3.amazonaws.com/shared/ai-generated-products/1004856/9092872798567_20260328.png,
www.aloyoga.com,1004856,9092812636519,Accolade Short - Candlelight Yellow,78,78,78,78,0,1975,2173,1777,154050,169455,138645,70.535714,0.326284,0,,,Yellow,5,5,2026-01-01,https://www.aloyoga.com/products/w6472rg-accolade-short-candlelight-yellow,https://particl-media.s3.amazonaws.com/shared/ai-generated-products/1004856/9092812636519_20260303.png,
www.aloyoga.com,1004856,9092870996327,Breezy Tennis Skirt - Sunshine,78,78,78,78,0,1743,1970,1516,135954,153621,118287,75.782609,,0,,,Yellow,5,5,2026-03-28,https://www.aloyoga.com/products/w6539r-breezy-tennis-skirt-sunshine,https://particl-media.s3.amazonaws.com/shared/ai-generated-products/1004856/9092870996327_20260328.png,
www.aloyoga.com,1004856,9092872601959,Seamless Delight High Neck Bra - Sunshine,74,74,74,74,0,1767,2024,1510,130758,149753.8,111762.2,76.826087,,0,,,Yellow,5,5,2026-03-28,https://www.aloyoga.com/products/w9536r-seamless-delight-high-neck-bra-sunshine,https://particl-media.s3.amazonaws.com/shared/ai-generated-products/1004856/9092872601959_20260328.png,
www.aloyoga.com,1004856,9092872438119,Slit Bra - Sunshine,78,78,78,78,0,1594,1818,1370,124332,141796.2,106867.8,69.304348,,0,,,Yellow,5,5,2026-03-28,https://www.aloyoga.com/products/w9218r-slit-bra-sunshine,https://particl-media.s3.amazonaws.com/shared/ai-generated-products/1004856/9092872438119_20260328.png,
www.aloyoga.com,1004856,9092819157351,Socialite Shacket - Candlelight Yellow,198,198,198,198,0,508,568,448,100584,112365,88803,18.814815,0.216631,0,,,Yellow,5,5,2026-01-01,https://www.aloyoga.com/products/w4711r-socialite-shacket-candlelight-yellow,https://particl-media.s3.amazonaws.com/shared/ai-generated-products/1004856/9092819157351_20260227.png,
www.aloyoga.com,1004856,9092859167079,Airlift Solar Visor - Sunshine,78,78,78,78,0,1098,1263,933,85644,98467.2,72820.8,47.73913,,0,,,Yellow,1,1,2026-03-28,https://www.aloyoga.com/products/a0684u-airlift-solar-visor-sunshine,https://particl-media.s3.amazonaws.com/shared/ai-generated-products/1004856/9092859167079_20260328.png,
www.aloyoga.com,1004856,4579649650806,Airbrush Invisible Thong - Champagne,28,28,28,28,0,2946,3376,2516,82488,94511.2,70464.8,105.214286,0.096155,0,,Comfortable fit | Durable color | Soft and stretchy | High rise seamless | Good quality,Yellow,6,6,2021-03-02,https://www.aloyoga.com/products/a0082w-airbrush-invisible-thong-champagne,,
www.aloyoga.com,1004856,9092812308839,Grand Slam Tennis Skirt - Candlelight Yellow,98,98,98,98,0,699,771,627,68502,75469.8,61534.2,24.964286,0.250089,0,,,Yellow,5,5,2026-01-01,https://www.aloyoga.com/products/w6289r-grand-slam-tennis-skirt-candlelight-yellow,https://particl-media.s3.amazonaws.com/shared/ai-generated-products/1004856/9092812308839_20260302.png,
www.aloyoga.com,1004856,9092860641639,Women's Lettuce Edge Sock - Sunshine,32,32,32,32,0,1885,2161,1609,60320,69136,51504,104.722222,,0,,,Yellow,2,2,2026-03-28,https://www.aloyoga.com/products/a0660w-womens-lettuce-edge-sock-sunshine,https://particl-media.s3.amazonaws.com/shared/ai-generated-products/1004856/9092860641639_20260328.png,
www.aloyoga.com,1004856,9092810178919,Airbrush Better Together Bra - Candlelight Yellow/White,88,88,88,88,0,643,708,578,56584,62242.4,50925.6,22.964286,0.443143,0,,,Yellow,4,5,2026-01-01,https://www.aloyoga.com/products/w9918r-airbrush-better-together-bra-candlelight-yellow-white,https://particl-media.s3.amazonaws.com/shared/ai-generated-products/1004856/9092810178919_20260228.png,
www.aloyoga.com,1004856,7161381028020,Airmesh Venus Bralette - Champagne,48,48,48,48,0,1044,1270,818,50112,60940.8,39283.2,37.285714,0.080345,0,,Perfect fit | Gorgeous color | Comfy and cool | Excellent quality | Cute and versatile,Yellow,4,5,2022-08-09,https://www.aloyoga.com/products/w9514r-airmesh-venus-bralette-champagne,https://particl-media.s3.amazonaws.com/shared/ai-generated-products/1004856/7161381028020_20260227.png,
www.aloyoga.com,1004856,9092814111079,Snuggle Up Sweater High-Waist Wide Leg Pant - Candlelight Yellow,198,198,198,198,0,242,267,217,47916,52707.6,43124.4,8.642857,0.205782,0,,,Yellow,5,5,2026-01-01,https://www.aloyoga.com/products/w51431r-snuggle-up-sweater-high-waist-wide-leg-pant-candlelight-yellow,https://particl-media.s3.amazonaws.com/shared/ai-generated-products/1004856/9092814111079_20260218.png,
www.aloyoga.com,1004856,4579650175094,Airbrush Invisible Thong - Sand,28,28,28,28,0,1624,1933,1315,45472,54101.6,36842.4,58,0.089763,0,,Comfortable and seamless | Lightweight and rich color | Perfect fit and sexy | Color comes off | Very comfortable and barely noticeable,Yellow,6,6,2021-03-02,https://www.aloyoga.com/products/a0082w-airbrush-invisible-thong-sand,https://particl-media.s3.amazonaws.com/shared/ai-generated-products/1004856/4579650175094_20260228.png,
www.aloyoga.com,1004856,9092811850087,Airbrush Better Together Tennis Skirt - Candlelight Yellow/White,88,88,88,88,0,500,553,447,44000,48664,39336,18.518519,0.444444,0,,,Yellow,2,5,2026-01-01,https://www.aloyoga.com/products/w6557r-airbrush-better-together-tennis-skirt-candlelight-yellow-white,https://particl-media.s3.amazonaws.com/shared/ai-generated-products/1004856/9092811850087_20260302.png,
www.aloyoga.com,1004856,6229757788340,Airbrush Invisible String Thong - Champagne,28,28,28,28,0,1464,1679,1249,40992,47006.4,34977.6,52.285714,0.082229,0,,Invisible comfort | Breathable and cute | Comfortable fit | Perfect for tight clothes | Excellent quality,Yellow,6,6,2021-03-03,https://www.aloyoga.com/products/a0096w-airbrush-invisible-string-thong-champagne,,
www.aloyoga.com,1004856,9092811489639,V-Cute Running Short - Candlelight Yellow,78,78,78,78,0,514,568,460,40092,44241.6,35942.4,18.357143,0.196709,0,,,Yellow,5,5,2026-01-01,https://www.aloyoga.com/products/w6536r-v-cute-running-short-candlelight-yellow,https://particl-media.s3.amazonaws.com/shared/ai-generated-products/1004856/9092811489639_20260227.png,
www.aloyoga.com,1004856,9092859855207,Airlift Rhythm Scrunchie - Sunshine,48,48,48,48,0,817,932,702,39216,44692.8,33739.2,35.521739,,0,,,Yellow,1,1,2026-03-28,https://www.aloyoga.com/products/a0851u-airlift-rhythm-scrunchie-sunshine,https://particl-media.s3.amazonaws.com/shared/ai-generated-products/1004856/9092859855207_20260328.png,
www.aloyoga.com,1004856,9092810506599,Seamless Delight High Neck Bra - Candlelight Yellow,74,74,74,74,0,500,553,447,37000,40877.6,33122.4,17.857143,0.329598,0,,,Yellow,5,5,2026-01-01,https://www.aloyoga.com/products/w9536r-seamless-delight-high-neck-bra-candlelight-yellow,https://particl-media.s3.amazonaws.com/shared/ai-generated-products/1004856/9092810506599_20260218.png,
www.aloyoga.com,1004856,9092819943783,Dreamlight Long Sleeve Top - Candlelight Yellow,84,84,84,84,0,366,404,328,30744,33919.2,27568.8,13.071429,0.675277,0,,,Yellow,5,5,2026-01-10,https://www.aloyoga.com/products/w3984r-dreamlight-long-sleeve-top-candlelight-yellow,https://particl-media.s3.amazonaws.com/shared/ai-generated-products/1004856/9092819943783_20260227.png,
www.aloyoga.com,1004856,6229757329588,Airbrush Invisible String Thong - Sand,28,28,28,28,0,784,933,635,21952,26124,17780,28,0.05736,0,,Comfortable fit | Invisible under clothes | Soft and breathable | Great quality | Disappointing purchase,Yellow,5,6,2021-03-03,https://www.aloyoga.com/products/a0096w-airbrush-invisible-string-thong-sand,,
www.aloyoga.com,1004856,7161380634804,Airmesh Venus Thong - Champagne,34,34,34,34,0,610,741,479,20740,25180.4,16299.6,21.785714,0.050074,0,,Stylish and comfortable | Great quality material | Versatile color options | Barely noticeable | Ideal for workouts,Yellow,4,5,2022-08-09,https://www.aloyoga.com/products/a0285w-airmesh-venus-thong-champagne,https://particl-media.s3.amazonaws.com/shared/ai-generated-products/1004856/7161380634804_20260218.png,
www.aloyoga.com,1004856,9092811194727,Wild Thing Bra - Candlelight Yellow,78,78,78,78,0,212,235,189,16536,18330,14742,7.851852,0.535354,0,,,Yellow,5,5,2026-01-01,https://www.aloyoga.com/products/w9609r-wild-thing-bra-candlelight-yellow,https://particl-media.s3.amazonaws.com/shared/ai-generated-products/1004856/9092811194727_20260214.png,
www.aloyoga.com,1004856,7384788893876,Total Refresh Mat Spray,18,18,18,18,0,909,1105,713,16362,19882.8,12841.2,32.464286,0.551913,0,,Long-lasting fragrance | Effective stain remover | Convenient to carry | Invigorating scent | Versatile and multi-purpose,Yellow,1,1,2023-06-10,https://www.aloyoga.com/products/n7009f-yoga-mat-spray_8-oz-alo-scent,https://particl-media.s3.amazonaws.com/shared/ai-generated-products/1004856/7384788893876_20260302.png,
www.aloyoga.com,1004856,9092814438759,Mid-Rise Dreamlight Straight Pant - Candlelight Yellow,128,128,128,128,0,104,115,93,13312,14643.2,11980.8,3.714286,0.945455,0,,,Yellow,5,5,2026-01-10,https://www.aloyoga.com/products/w54302r-mid-rise-dreamlight-straight-pant-candlelight-yellow,https://particl-media.s3.amazonaws.com/shared/ai-generated-products/1004856/9092814438759_20260227.png,
www.aloyoga.com,1004856,9092812046695,High-Waist Socialite Short - Candlelight Yellow,78,78,78,78,0,165,182,148,12870,14157,11583,5.892857,0.620301,0,,,Yellow,5,5,2026-01-01,https://www.aloyoga.com/products/w6522r-high-waist-socialite-short-candlelight-yellow,https://particl-media.s3.amazonaws.com/shared/ai-generated-products/1004856/9092812046695_20260303.png,
www.aloyoga.com,1004856,7404211208372,Day and Night Boxer - Champagne,38,38,38,38,0,232,262,202,8816,9948.4,7683.6,8.285714,0.053853,0,,Soft and comfortable | Great quality | Okay fit | Fantastic material | Good mobility,Yellow,4,4,2023-09-13,https://www.aloyoga.com/products/a0191m-day-and-night-boxer-brief-champagne,https://particl-media.s3.amazonaws.com/shared/ai-generated-products/1004856/7404211208372_20260227.png,
www.aloyoga.com,1004856,9092854940007,ALO Intention Crystal - Citrine,300,300,300,300,0,19,23,15,5700,6630,4770,0.791667,0.154472,0,,,Yellow,1,1,2026-01-31,https://www.aloyoga.com/products/a1097u-alo-intention-crystal-citrine,https://particl-media.s3.amazonaws.com/shared/ai-generated-products/1004856/9092854940007_20260307.png,
www.aloyoga.com,1004856,9092822958439,Alosoft Back For More Tee - Candlelight Yellow,68,68,68,68,0,48,54,42,3264,3672,2856,1.714286,,0,,,Yellow,5,5,2026-01-01,https://www.aloyoga.com/products/w1492r-alosoft-back-for-more-tee-candlelight-yellow,https://particl-media.s3.amazonaws.com/shared/ai-generated-products/1004856/9092822958439_20260227.png,
www.aloyoga.com,1004856,7455958859956,Mini Face Mist,8,8,8,8,0,373,472,274,2984,3774.4,2193.6,16.217391,0.016443,0,,,Yellow,1,1,2024-09-07,https://www.aloyoga.com/products/b1017m-mini-face-mist-alo-scent-loyalty,https://particl-media.s3.amazonaws.com/shared/ai-generated-products/1004856/7455958859956_20260228.png,
www.aloyoga.com,1004856,9092854120807,ALO Mini Voyage - Candlelight Yellow Leather,1200,1200,1200,1200,0,2,3,1,2400,2640,2160,0.086957,,0,,,Yellow,1,1,2026-01-01,https://www.aloyoga.com/products/a1055u-alo-mini-voyage-candlelight-yellow,https://particl-media.s3.amazonaws.com/shared/ai-generated-products/1004856/9092854120807_20260303.png,
www.aloyoga.com,1004856,9092830069095,Accolade Crew Neck Pullover - Candlelight Yellow,138,138,138,138,0,12,17,7,1656,2235.6,1076.4,0.5,,0,,,Yellow,7,7,2026-01-01,https://www.aloyoga.com/products/u3031rg-accolade-crew-neck-pullover-candlelight-yellow-mens,https://particl-media.s3.amazonaws.com/shared/ai-generated-products/1004856/9092830069095_20260227.png,
www.aloyoga.com,1004856,7384788861108,Insta-Glow Face Mist,22,22,22,22,0,37,41,33,814,895.4,732.6,1.681818,1,0,,refreshing mist | insta-glow | skin hydration | smells amazing | skincare essential,Yellow,1,1,2023-07-14,https://www.aloyoga.com/products/b1014f-insta-glow-face-mist-alo-scent,https://particl-media.s3.amazonaws.com/shared/ai-generated-products/1004856/7384788861108_20251105.png,
www.aloyoga.com,1004856,9092820926823,Snuggle Up Sweater Cropped Cardigan - Candlelight Yellow,168,168,168,168,0,4,5,3,672,739.2,604.8,0.181818,,0,,,Yellow,5,5,2026-01-01,https://www.aloyoga.com/products/w3850r-snuggle-up-sweater-cropped-cardigan-candlelight-yellow,https://particl-media.s3.amazonaws.com/shared/ai-generated-products/1004856/9092820926823_20260228.png,
www.aloyoga.com,1004856,9092826890599,Off-Duty Cap - Candlelight Yellow,64,64,64,64,0,4,5,3,256,281.6,230.4,0.173913,,0,,,Yellow,1,1,2026-01-01,https://www.aloyoga.com/products/a0648u-off-duty-cap-candlelight-yellow,https://particl-media.s3.amazonaws.com/shared/ai-generated-products/1004856/9092826890599_20260303.png,
www.aloyoga.com,1004856,9092871586151,Double Or Nothing Tennis Skirt - Sunshine,88,88,88,88,0,1,2,0,88,96.8,79.2,1,,0,,,Yellow,1,5,2026-03-28,https://www.aloyoga.com/products/w6574r-double-or-nothing-tennis-skirt-sunshine,https://particl-media.s3.amazonaws.com/shared/ai-generated-products/1004856/9092871586151_20260328.png,
www.aloyoga.com,1004856,9092828004711,90's Claw Clip - Candlelight Yellow Shell,38,38,38,38,0,0,0,0,0,0,0,0,,0,,,Yellow,1,1,2026-01-01,https://www.aloyoga.com/products/a0286w-90s-claw-clip-candlelight-yellow-shell,https://particl-media.s3.amazonaws.com/shared/ai-generated-products/1004856/9092828004711_20260302.png,
